{
  "UserEvents": {
    "1b4cf534c7f762dd4e014b865f6faca83e93e85a072ee1a3a6663cc3ee668162": [
      {
        "NewName": "ConstructControls/ControlComponent",
        "OldName": null,
        "ElementType": "Components",
        "EventType": 0,
        "TimestampUtc": "2025-10-30T08:04:37.8971025Z"
      },
      {
        "NewName": "ConstructControls/ControlComponent (Container).BackgroundPanel",
        "OldName": null,
        "ElementType": "Components",
        "EventType": 5,
        "TimestampUtc": "2025-10-30T08:04:49.9199718Z"
      },
      {
        "NewName": "ConstructControls/ControlComponent (Container).ControlButton",
        "OldName": null,
        "ElementType": "Components",
        "EventType": 5,
        "TimestampUtc": "2025-10-30T08:04:49.9669713Z"
      },
      {
        "NewName": "ConstructControls/ControlComponent (Container).NonPanel",
        "OldName": null,
        "ElementType": "Components",
        "EventType": 5,
        "TimestampUtc": "2025-10-30T08:04:50.0049709Z"
      },
      {
        "NewName": "ConstructControls/ControlComponent (Container).ScreenshakeLabel",
        "OldName": null,
        "ElementType": "Components",
        "EventType": 5,
        "TimestampUtc": "2025-10-30T08:04:50.0399705Z"
      },
      {
        "NewName": "ConstructControls/ControlComponent (Container).ScreenshakeCheckbox",
        "OldName": null,
        "ElementType": "Components",
        "EventType": 5,
        "TimestampUtc": "2025-10-30T08:04:50.0799701Z"
      },
      {
        "NewName": "ConstructControls/ControlComponent (Container).FullscreenLabel",
        "OldName": null,
        "ElementType": "Components",
        "EventType": 5,
        "TimestampUtc": "2025-10-30T08:04:50.1159697Z"
      },
      {
        "NewName": "ConstructControls/ControlComponent (Container).FullscreenCheckbox",
        "OldName": null,
        "ElementType": "Components",
        "EventType": 5,
        "TimestampUtc": "2025-10-30T08:04:50.1519693Z"
      },
      {
        "NewName": "ConstructControls/ControlComponent (Container).VsyncLabel",
        "OldName": null,
        "ElementType": "Components",
        "EventType": 5,
        "TimestampUtc": "2025-10-30T08:04:50.1879689Z"
      },
      {
        "NewName": "ConstructControls/ControlComponent (Container).VsyncCheckbox",
        "OldName": null,
        "ElementType": "Components",
        "EventType": 5,
        "TimestampUtc": "2025-10-30T08:04:50.2249685Z"
      },
      {
        "NewName": "ConstructControls/ControlComponent (Container).SFXLabel",
        "OldName": null,
        "ElementType": "Components",
        "EventType": 5,
        "TimestampUtc": "2025-10-30T08:04:50.2609681Z"
      },
      {
        "NewName": "ConstructControls/ControlComponent (Container).SFXSlider",
        "OldName": null,
        "ElementType": "Components",
        "EventType": 5,
        "TimestampUtc": "2025-10-30T08:04:50.2969677Z"
      },
      {
        "NewName": "ConstructControls/ControlComponent (Container).MusicLabel",
        "OldName": null,
        "ElementType": "Components",
        "EventType": 5,
        "TimestampUtc": "2025-10-30T08:04:50.3329673Z"
      },
      {
        "NewName": "ConstructControls/ControlComponent (Container).MusicSlider",
        "OldName": null,
        "ElementType": "Components",
        "EventType": 5,
        "TimestampUtc": "2025-10-30T08:04:50.368967Z"
      },
      {
        "NewName": "ConstructControls/ControlComponent (Container).MasterLabel",
        "OldName": null,
        "ElementType": "Components",
        "EventType": 5,
        "TimestampUtc": "2025-10-30T08:04:50.4049666Z"
      },
      {
        "NewName": "ConstructControls/ControlComponent (Container).MasterSlider",
        "OldName": null,
        "ElementType": "Components",
        "EventType": 5,
        "TimestampUtc": "2025-10-30T08:04:50.4419662Z"
      },
      {
        "NewName": "ConstructControls/ControlComponent (Container).BackButton",
        "OldName": null,
        "ElementType": "Components",
        "EventType": 5,
        "TimestampUtc": "2025-10-30T08:04:50.4779658Z"
      },
      {
        "NewName": "ConstructControls/ControlComponent (Container).Wrapper",
        "OldName": null,
        "ElementType": "Components",
        "EventType": 5,
        "TimestampUtc": "2025-10-30T08:04:50.5139654Z"
      },
      {
        "NewName": null,
        "OldName": "ConstructControls/ControlComponent (Container).ConstructControls/ConstructLabel ScreenshakeLabel in ConstructControls/ControlComponent (Container)",
        "ElementType": "Components",
        "EventType": 6,
        "TimestampUtc": "2025-10-30T08:04:56.3619024Z"
      },
      {
        "NewName": null,
        "OldName": "ConstructControls/ControlComponent (Container).ConstructControls/ConstructCheckBox ScreenshakeCheckbox in ConstructControls/ControlComponent (Container)",
        "ElementType": "Components",
        "EventType": 6,
        "TimestampUtc": "2025-10-30T08:04:56.3639023Z"
      },
      {
        "NewName": null,
        "OldName": "ConstructControls/ControlComponent (Container).ConstructControls/ConstructLabel FullscreenLabel in ConstructControls/ControlComponent (Container)",
        "ElementType": "Components",
        "EventType": 6,
        "TimestampUtc": "2025-10-30T08:04:56.3659023Z"
      },
      {
        "NewName": null,
        "OldName": "ConstructControls/ControlComponent (Container).ConstructControls/ConstructCheckBox FullscreenCheckbox in ConstructControls/ControlComponent (Container)",
        "ElementType": "Components",
        "EventType": 6,
        "TimestampUtc": "2025-10-30T08:04:56.3669023Z"
      },
      {
        "NewName": null,
        "OldName": "ConstructControls/ControlComponent (Container).ConstructControls/ConstructLabel VsyncLabel in ConstructControls/ControlComponent (Container)",
        "ElementType": "Components",
        "EventType": 6,
        "TimestampUtc": "2025-10-30T08:04:56.3679023Z"
      },
      {
        "NewName": null,
        "OldName": "ConstructControls/ControlComponent (Container).ConstructControls/ConstructCheckBox VsyncCheckbox in ConstructControls/ControlComponent (Container)",
        "ElementType": "Components",
        "EventType": 6,
        "TimestampUtc": "2025-10-30T08:04:56.3689023Z"
      },
      {
        "NewName": null,
        "OldName": "ConstructControls/ControlComponent (Container).ConstructControls/ConstructLabel SFXLabel in ConstructControls/ControlComponent (Container)",
        "ElementType": "Components",
        "EventType": 6,
        "TimestampUtc": "2025-10-30T08:04:56.3709023Z"
      },
      {
        "NewName": null,
        "OldName": "ConstructControls/ControlComponent (Container).ConstructControls/ConstructSlider SFXSlider in ConstructControls/ControlComponent (Container)",
        "ElementType": "Components",
        "EventType": 6,
        "TimestampUtc": "2025-10-30T08:04:56.3719022Z"
      },
      {
        "NewName": null,
        "OldName": "ConstructControls/ControlComponent (Container).ConstructControls/ConstructLabel MusicLabel in ConstructControls/ControlComponent (Container)",
        "ElementType": "Components",
        "EventType": 6,
        "TimestampUtc": "2025-10-30T08:04:56.3729022Z"
      },
      {
        "NewName": null,
        "OldName": "ConstructControls/ControlComponent (Container).ConstructControls/ConstructSlider MusicSlider in ConstructControls/ControlComponent (Container)",
        "ElementType": "Components",
        "EventType": 6,
        "TimestampUtc": "2025-10-30T08:04:56.3749022Z"
      },
      {
        "NewName": null,
        "OldName": "ConstructControls/ControlComponent (Container).ConstructControls/ConstructLabel MasterLabel in ConstructControls/ControlComponent (Container)",
        "ElementType": "Components",
        "EventType": 6,
        "TimestampUtc": "2025-10-30T08:04:56.3769022Z"
      },
      {
        "NewName": null,
        "OldName": "ConstructControls/ControlComponent (Container).ConstructControls/ConstructSlider MasterSlider in ConstructControls/ControlComponent (Container)",
        "ElementType": "Components",
        "EventType": 6,
        "TimestampUtc": "2025-10-30T08:04:56.3779022Z"
      },
      {
        "NewName": null,
        "OldName": "ConstructControls/ControlComponent (Container).ConstructControls/ConstructLabel ScreenshakeLabel in ConstructControls/ControlComponent (Container)",
        "ElementType": "Components",
        "EventType": 6,
        "TimestampUtc": "2025-10-30T08:05:48.3443555Z"
      },
      {
        "NewName": null,
        "OldName": "ConstructControls/ControlComponent (Container).ConstructControls/ConstructCheckBox ScreenshakeCheckbox in ConstructControls/ControlComponent (Container)",
        "ElementType": "Components",
        "EventType": 6,
        "TimestampUtc": "2025-10-30T08:05:48.3453555Z"
      },
      {
        "NewName": null,
        "OldName": "ConstructControls/ControlComponent (Container).ConstructControls/ConstructLabel FullscreenLabel in ConstructControls/ControlComponent (Container)",
        "ElementType": "Components",
        "EventType": 6,
        "TimestampUtc": "2025-10-30T08:05:48.3463555Z"
      },
      {
        "NewName": null,
        "OldName": "ConstructControls/ControlComponent (Container).ConstructControls/ConstructCheckBox FullscreenCheckbox in ConstructControls/ControlComponent (Container)",
        "ElementType": "Components",
        "EventType": 6,
        "TimestampUtc": "2025-10-30T08:05:48.3503555Z"
      },
      {
        "NewName": null,
        "OldName": "ConstructControls/ControlComponent (Container).ConstructControls/ConstructLabel VsyncLabel in ConstructControls/ControlComponent (Container)",
        "ElementType": "Components",
        "EventType": 6,
        "TimestampUtc": "2025-10-30T08:05:48.3513555Z"
      },
      {
        "NewName": null,
        "OldName": "ConstructControls/ControlComponent (Container).ConstructControls/ConstructCheckBox VsyncCheckbox in ConstructControls/ControlComponent (Container)",
        "ElementType": "Components",
        "EventType": 6,
        "TimestampUtc": "2025-10-30T08:05:48.3523554Z"
      },
      {
        "NewName": null,
        "OldName": "ConstructControls/ControlComponent (Container).ConstructControls/ConstructLabel SFXLabel in ConstructControls/ControlComponent (Container)",
        "ElementType": "Components",
        "EventType": 6,
        "TimestampUtc": "2025-10-30T08:05:48.3533554Z"
      },
      {
        "NewName": null,
        "OldName": "ConstructControls/ControlComponent (Container).ConstructControls/ConstructSlider SFXSlider in ConstructControls/ControlComponent (Container)",
        "ElementType": "Components",
        "EventType": 6,
        "TimestampUtc": "2025-10-30T08:05:48.3553554Z"
      },
      {
        "NewName": null,
        "OldName": "ConstructControls/ControlComponent (Container).ConstructControls/ConstructLabel MusicLabel in ConstructControls/ControlComponent (Container)",
        "ElementType": "Components",
        "EventType": 6,
        "TimestampUtc": "2025-10-30T08:05:48.3563554Z"
      },
      {
        "NewName": null,
        "OldName": "ConstructControls/ControlComponent (Container).ConstructControls/ConstructSlider MusicSlider in ConstructControls/ControlComponent (Container)",
        "ElementType": "Components",
        "EventType": 6,
        "TimestampUtc": "2025-10-30T08:05:48.3573554Z"
      },
      {
        "NewName": null,
        "OldName": "ConstructControls/ControlComponent (Container).ConstructControls/ConstructLabel MasterLabel in ConstructControls/ControlComponent (Container)",
        "ElementType": "Components",
        "EventType": 6,
        "TimestampUtc": "2025-10-30T08:05:48.3593554Z"
      },
      {
        "NewName": null,
        "OldName": "ConstructControls/ControlComponent (Container).ConstructControls/ConstructSlider MasterSlider in ConstructControls/ControlComponent (Container)",
        "ElementType": "Components",
        "EventType": 6,
        "TimestampUtc": "2025-10-30T08:05:48.3603554Z"
      },
      {
        "NewName": null,
        "OldName": "ConstructControls/ControlComponent (Container).ConstructControls/ConstructButton ControlButton in ConstructControls/ControlComponent (Container)",
        "ElementType": "Components",
        "EventType": 6,
        "TimestampUtc": "2025-10-30T08:05:54.8692885Z"
      },
      {
        "NewName": "TitleScreen.SettingsViewInstance",
        "OldName": null,
        "ElementType": "Screens",
        "EventType": 5,
        "TimestampUtc": "2025-10-30T08:06:35.3908789Z"
      },
      {
        "NewName": null,
        "OldName": "TitleScreen.Controls/SettingsView SettingsViewInstance in TitleScreen",
        "ElementType": "Screens",
        "EventType": 6,
        "TimestampUtc": "2025-10-30T08:07:02.0316155Z"
      },
      {
        "NewName": "ConstructControls/ControlComponent (Container).ScrollViewerInstance",
        "OldName": null,
        "ElementType": "Components",
        "EventType": 5,
        "TimestampUtc": "2025-10-30T08:07:57.4610804Z"
      },
      {
        "NewName": null,
        "OldName": "ConstructControls/ControlComponent (Container).Container NonPanel in ConstructControls/ControlComponent (Container)",
        "ElementType": "Components",
        "EventType": 6,
        "TimestampUtc": "2025-10-30T08:08:03.497023Z"
      },
      {
        "NewName": "ConstructControls/ControlComponent (Container).ConstructButtonInstance",
        "OldName": null,
        "ElementType": "Components",
        "EventType": 5,
        "TimestampUtc": "2025-10-30T08:09:31.6162029Z"
      },
      {
        "NewName": "ConstructControls/ControlComponent (Container).ConstructButtonInstance1",
        "OldName": null,
        "ElementType": "Components",
        "EventType": 5,
        "TimestampUtc": "2025-10-30T08:09:48.6840472Z"
      },
      {
        "NewName": "ConstructControls/ControlComponent (Container).ConstructButtonInstance2",
        "OldName": null,
        "ElementType": "Components",
        "EventType": 5,
        "TimestampUtc": "2025-10-30T08:09:49.815037Z"
      },
      {
        "NewName": "ConstructControls/ControlComponent (Container).ConstructButtonInstance3",
        "OldName": null,
        "ElementType": "Components",
        "EventType": 5,
        "TimestampUtc": "2025-10-30T08:09:50.7020289Z"
      },
      {
        "NewName": "ConstructControls/ControlComponent (Container).ConstructButtonInstance4",
        "OldName": null,
        "ElementType": "Components",
        "EventType": 5,
        "TimestampUtc": "2025-10-30T08:09:51.67902Z"
      },
      {
        "NewName": "TitleScreen.ControlComponentInstance",
        "OldName": null,
        "ElementType": "Screens",
        "EventType": 5,
        "TimestampUtc": "2025-10-30T08:10:25.9137107Z"
      },
      {
        "NewName": "TitleScreen.Controls",
        "OldName": "TitleScreen.ControlComponentInstance",
        "ElementType": "Screens",
        "EventType": 7,
        "TimestampUtc": "2025-10-30T08:10:32.3266532Z"
      },
      {
        "NewName": null,
        "OldName": "ConstructControls/ControlComponent (Container).Controls/ScrollViewer ScrollViewerInstance in ConstructControls/ControlComponent (Container)",
        "ElementType": "Components",
        "EventType": 6,
        "TimestampUtc": "2025-10-30T08:19:07.7112866Z"
      },
      {
        "NewName": null,
        "OldName": "ConstructControls/ControlComponent (Container).ConstructControls/ConstructButton ConstructButtonInstance in ConstructControls/ControlComponent (Container)",
        "ElementType": "Components",
        "EventType": 6,
        "TimestampUtc": "2025-10-30T08:19:17.1431301Z"
      },
      {
        "NewName": null,
        "OldName": "ConstructControls/ControlComponent (Container).ConstructControls/ConstructButton ConstructButtonInstance1 in ConstructControls/ControlComponent (Container)",
        "ElementType": "Components",
        "EventType": 6,
        "TimestampUtc": "2025-10-30T08:19:17.1441301Z"
      },
      {
        "NewName": null,
        "OldName": "ConstructControls/ControlComponent (Container).ConstructControls/ConstructButton ConstructButtonInstance2 in ConstructControls/ControlComponent (Container)",
        "ElementType": "Components",
        "EventType": 6,
        "TimestampUtc": "2025-10-30T08:19:17.14613Z"
      },
      {
        "NewName": null,
        "OldName": "ConstructControls/ControlComponent (Container).ConstructControls/ConstructButton ConstructButtonInstance3 in ConstructControls/ControlComponent (Container)",
        "ElementType": "Components",
        "EventType": 6,
        "TimestampUtc": "2025-10-30T08:19:17.14713Z"
      },
      {
        "NewName": null,
        "OldName": "ConstructControls/ControlComponent (Container).ConstructControls/ConstructButton ConstructButtonInstance4 in ConstructControls/ControlComponent (Container)",
        "ElementType": "Components",
        "EventType": 6,
        "TimestampUtc": "2025-10-30T08:19:17.14913Z"
      },
      {
        "NewName": null,
        "OldName": "ConstructControls/ControlComponent (Container).ConstructControls/ConstructButton BackButton in ConstructControls/ControlComponent (Container)",
        "ElementType": "Components",
        "EventType": 6,
        "TimestampUtc": "2025-10-30T13:22:40.9906927Z"
      },
      {
        "NewName": null,
        "OldName": "ConstructControls/Settings (Container).ConstructControls/ConstructButton BackButton in ConstructControls/Settings (Container)",
        "ElementType": "Components",
        "EventType": 6,
        "TimestampUtc": "2025-10-30T13:58:44.9089479Z"
      },
      {
        "NewName": "PauseMenu.Controls",
        "OldName": null,
        "ElementType": "Screens",
        "EventType": 5,
        "TimestampUtc": "2025-10-30T16:04:58.2726948Z"
      },
      {
        "NewName": null,
        "OldName": "ConstructControls/ConstructSlider (Container).Controls/ButtonStandard ThumbInstance in ConstructControls/ConstructSlider (Container)",
        "ElementType": "Components",
        "EventType": 6,
        "TimestampUtc": "2025-10-30T18:31:38.112411Z"
      },
      {
        "NewName": "ConstructControls/ConstructSlider (Container).NineSliceInstance",
        "OldName": null,
        "ElementType": "Components",
        "EventType": 5,
        "TimestampUtc": "2025-10-30T18:31:48.7702834Z"
      },
      {
        "NewName": "ConstructControls/ConstructSlider (Container).SliderValue",
        "OldName": "ConstructControls/ConstructSlider (Container).NineSliceInstance",
        "ElementType": "Components",
        "EventType": 7,
        "TimestampUtc": "2025-10-30T18:32:08.1460497Z"
      },
      {
        "NewName": "ConstructControls/ConstructSlider (Container).SliderValue",
        "OldName": "ConstructControls/ConstructSlider (Container).NineSliceInstance",
        "ElementType": "Components",
        "EventType": 7,
        "TimestampUtc": "2025-10-30T18:32:08.1470497Z"
      },
      {
        "NewName": "ConstructControls/ConstructSlider (Container).SliderValue",
        "OldName": "ConstructControls/ConstructSlider (Container).NineSliceInstance",
        "ElementType": "Components",
        "EventType": 7,
        "TimestampUtc": "2025-10-30T18:32:08.1490497Z"
      },
      {
        "NewName": "ConstructControls/ConstructSlider (Container).SliderValue",
        "OldName": "ConstructControls/ConstructSlider (Container).NineSliceInstance",
        "ElementType": "Components",
        "EventType": 7,
        "TimestampUtc": "2025-10-30T18:32:08.1520496Z"
      },
      {
        "NewName": "ConstructControls/ConstructSlider (Container).SliderValue",
        "OldName": "ConstructControls/ConstructSlider (Container).NineSliceInstance",
        "ElementType": "Components",
        "EventType": 7,
        "TimestampUtc": "2025-10-30T18:32:08.1540496Z"
      },
      {
        "NewName": "ConstructControls/ConstructSlider (Container).SliderValue",
        "OldName": "ConstructControls/ConstructSlider (Container).NineSliceInstance",
        "ElementType": "Components",
        "EventType": 7,
        "TimestampUtc": "2025-10-30T18:32:08.1550496Z"
      },
      {
        "NewName": "ConstructControls/ConstructSlider (Container).SliderValue",
        "OldName": "ConstructControls/ConstructSlider (Container).NineSliceInstance",
        "ElementType": "Components",
        "EventType": 7,
        "TimestampUtc": "2025-10-30T18:32:08.1580495Z"
      },
      {
        "NewName": "ConstructControls/ConstructSlider (Container).SliderValue",
        "OldName": "ConstructControls/ConstructSlider (Container).NineSliceInstance",
        "ElementType": "Components",
        "EventType": 7,
        "TimestampUtc": "2025-10-30T18:32:08.1590495Z"
      },
      {
        "NewName": "ConstructControls/Settings (Container).SFXLabel1",
        "OldName": null,
        "ElementType": "Components",
        "EventType": 5,
        "TimestampUtc": "2025-10-30T18:50:44.3786409Z"
      },
      {
        "NewName": "ConstructControls/Settings (Container).SFXSlider1",
        "OldName": null,
        "ElementType": "Components",
        "EventType": 5,
        "TimestampUtc": "2025-10-30T18:50:44.44264Z"
      },
      {
        "NewName": "ConstructControls/Settings (Container).MusicLabel1",
        "OldName": null,
        "ElementType": "Components",
        "EventType": 5,
        "TimestampUtc": "2025-10-30T18:50:44.5316387Z"
      },
      {
        "NewName": "ConstructControls/Settings (Container).MusicSlider1",
        "OldName": null,
        "ElementType": "Components",
        "EventType": 5,
        "TimestampUtc": "2025-10-30T18:50:44.5926378Z"
      },
      {
        "NewName": "ConstructControls/Settings (Container).MasterLabel1",
        "OldName": null,
        "ElementType": "Components",
        "EventType": 5,
        "TimestampUtc": "2025-10-30T18:50:44.6516369Z"
      },
      {
        "NewName": "ConstructControls/Settings (Container).MasterSlider1",
        "OldName": null,
        "ElementType": "Components",
        "EventType": 5,
        "TimestampUtc": "2025-10-30T18:50:44.7116361Z"
      },
      {
        "NewName": null,
        "OldName": "ConstructControls/Settings (Container).ConstructControls/ConstructLabel MasterLabel in ConstructControls/Settings (Container)",
        "ElementType": "Components",
        "EventType": 6,
        "TimestampUtc": "2025-10-30T18:51:07.6343003Z"
      },
      {
        "NewName": null,
        "OldName": "ConstructControls/Settings (Container).ConstructControls/ConstructSlider MusicSlider in ConstructControls/Settings (Container)",
        "ElementType": "Components",
        "EventType": 6,
        "TimestampUtc": "2025-10-30T18:51:07.6363003Z"
      },
      {
        "NewName": null,
        "OldName": "ConstructControls/Settings (Container).ConstructControls/ConstructLabel MusicLabel in ConstructControls/Settings (Container)",
        "ElementType": "Components",
        "EventType": 6,
        "TimestampUtc": "2025-10-30T18:51:07.6383002Z"
      },
      {
        "NewName": null,
        "OldName": "ConstructControls/Settings (Container).ConstructControls/ConstructSlider SFXSlider in ConstructControls/Settings (Container)",
        "ElementType": "Components",
        "EventType": 6,
        "TimestampUtc": "2025-10-30T18:51:07.6403002Z"
      },
      {
        "NewName": null,
        "OldName": "ConstructControls/Settings (Container).ConstructControls/ConstructLabel SFXLabel in ConstructControls/Settings (Container)",
        "ElementType": "Components",
        "EventType": 6,
        "TimestampUtc": "2025-10-30T18:51:07.6433002Z"
      },
      {
        "NewName": null,
        "OldName": "ConstructControls/Settings (Container).ConstructControls/ConstructSlider MasterSlider in ConstructControls/Settings (Container)",
        "ElementType": "Components",
        "EventType": 6,
        "TimestampUtc": "2025-10-30T18:51:07.6453001Z"
      },
      {
        "NewName": "ConstructControls/Settings (Container).SFXLabel",
        "OldName": "ConstructControls/Settings (Container).SFXLabel1",
        "ElementType": "Components",
        "EventType": 7,
        "TimestampUtc": "2025-10-30T18:51:17.0821618Z"
      },
      {
        "NewName": "ConstructControls/Settings (Container).M",
        "OldName": "ConstructControls/Settings (Container).MusicLabel1",
        "ElementType": "Components",
        "EventType": 7,
        "TimestampUtc": "2025-10-30T18:51:22.5750813Z"
      },
      {
        "NewName": "ConstructControls/Settings (Container).SFXLabel",
        "OldName": "ConstructControls/Settings (Container).SFXLabel1",
        "ElementType": "Components",
        "EventType": 7,
        "TimestampUtc": "2025-10-30T18:51:28.9289881Z"
      },
      {
        "NewName": "ConstructControls/Settings (Container).MusicLabel",
        "OldName": "ConstructControls/Settings (Container).MusicLabel1",
        "ElementType": "Components",
        "EventType": 7,
        "TimestampUtc": "2025-10-30T18:51:41.9137976Z"
      },
      {
        "NewName": "ConstructControls/Settings (Container).SFXLabel",
        "OldName": "ConstructControls/Settings (Container).SFXLabel1",
        "ElementType": "Components",
        "EventType": 7,
        "TimestampUtc": "2025-10-30T18:51:45.4357459Z"
      },
      {
        "NewName": "ConstructControls/Settings (Container).MasterLabel",
        "OldName": "ConstructControls/Settings (Container).MasterLabel1",
        "ElementType": "Components",
        "EventType": 7,
        "TimestampUtc": "2025-10-30T18:51:49.5946849Z"
      },
      {
        "NewName": null,
        "OldName": "ConstructControls/Settings (Container).ConstructControls/ConstructSlider MasterSlider1 in ConstructControls/Settings (Container)",
        "ElementType": "Components",
        "EventType": 6,
        "TimestampUtc": "2025-10-30T18:52:01.6565078Z"
      },
      {
        "NewName": null,
        "OldName": "ConstructControls/Settings (Container).ConstructControls/ConstructSlider MusicSlider1 in ConstructControls/Settings (Container)",
        "ElementType": "Components",
        "EventType": 6,
        "TimestampUtc": "2025-10-30T18:52:01.6585077Z"
      },
      {
        "NewName": null,
        "OldName": "ConstructControls/Settings (Container).ConstructControls/ConstructSlider SFXSlider1 in ConstructControls/Settings (Container)",
        "ElementType": "Components",
        "EventType": 6,
        "TimestampUtc": "2025-10-30T18:52:01.6595077Z"
      },
      {
        "NewName": "ConstructControls/Settings (Container).SliderInstance",
        "OldName": null,
        "ElementType": "Components",
        "EventType": 5,
        "TimestampUtc": "2025-10-30T18:52:07.2684253Z"
      },
      {
        "NewName": "ConstructControls/Settings (Container).SFXSlider",
        "OldName": "ConstructControls/Settings (Container).SliderInstance",
        "ElementType": "Components",
        "EventType": 7,
        "TimestampUtc": "2025-10-30T18:52:14.571318Z"
      },
      {
        "NewName": "ConstructControls/Settings (Container).SliderInstance",
        "OldName": null,
        "ElementType": "Components",
        "EventType": 5,
        "TimestampUtc": "2025-10-30T18:52:15.9952971Z"
      },
      {
        "NewName": "ConstructControls/Settings (Container).MusicSlider",
        "OldName": "ConstructControls/Settings (Container).SliderInstance",
        "ElementType": "Components",
        "EventType": 7,
        "TimestampUtc": "2025-10-30T18:52:22.2772048Z"
      },
      {
        "NewName": "ConstructControls/Settings (Container).SliderInstance",
        "OldName": null,
        "ElementType": "Components",
        "EventType": 5,
        "TimestampUtc": "2025-10-30T18:52:23.1711917Z"
      },
      {
        "NewName": "ConstructControls/Settings (Container).MasterSlider",
        "OldName": "ConstructControls/Settings (Container).SliderInstance",
        "ElementType": "Components",
        "EventType": 7,
        "TimestampUtc": "2025-10-30T18:52:29.4940987Z"
      },
      {
        "NewName": null,
        "OldName": "ConstructControls/ConstructSlider",
        "ElementType": "Components",
        "EventType": 1,
        "TimestampUtc": "2025-10-31T06:53:13.7217301Z"
      },
      {
        "NewName": "ConstructControls/Slider",
        "OldName": "Controls/Slider",
        "ElementType": "Components",
        "EventType": 2,
        "TimestampUtc": "2025-10-31T06:53:38.0065103Z"
      },
      {
        "NewName": "ConstructControls/ConstructSlider",
        "OldName": "ConstructControls/Slider",
        "ElementType": "Components",
        "EventType": 2,
        "TimestampUtc": "2025-10-31T06:53:48.1874187Z"
      },
      {
        "NewName": "ConstructControls/ConstructSlider (Container).ControlComponentInstance",
        "OldName": null,
        "ElementType": "Components",
        "EventType": 5,
        "TimestampUtc": "2025-10-31T06:53:48.3554171Z"
      },
      {
        "NewName": null,
        "OldName": "ConstructControls/ConstructSlider (Container).NineSlice FocusedIndicator in ConstructControls/ConstructSlider (Container)",
        "ElementType": "Components",
        "EventType": 6,
        "TimestampUtc": "2025-10-31T06:55:09.3956975Z"
      },
      {
        "NewName": "ConstructControls/ConstructSlider (Container).NineSliceInstance",
        "OldName": null,
        "ElementType": "Components",
        "EventType": 5,
        "TimestampUtc": "2025-10-31T06:56:21.8920656Z"
      },
      {
        "NewName": "ConstructControls/ConstructSlider (Container).TrackPercentOverlay",
        "OldName": "ConstructControls/ConstructSlider (Container).NineSliceInstance",
        "ElementType": "Components",
        "EventType": 7,
        "TimestampUtc": "2025-10-31T06:59:36.7414032Z"
      },
      {
        "NewName": "ConstructControls/ConstructSlider (Container).TrackPercentOverlay",
        "OldName": "ConstructControls/ConstructSlider (Container).NineSliceInstance",
        "ElementType": "Components",
        "EventType": 7,
        "TimestampUtc": "2025-10-31T06:59:36.7464031Z"
      },
      {
        "NewName": "ConstructControls/ConstructSlider (Container).TrackPercentOverlay",
        "OldName": "ConstructControls/ConstructSlider (Container).NineSliceInstance",
        "ElementType": "Components",
        "EventType": 7,
        "TimestampUtc": "2025-10-31T06:59:36.7514031Z"
      },
      {
        "NewName": "ConstructControls/ConstructSlider (Container).TrackPercentOverlay",
        "OldName": "ConstructControls/ConstructSlider (Container).NineSliceInstance",
        "ElementType": "Components",
        "EventType": 7,
        "TimestampUtc": "2025-10-31T06:59:36.7544031Z"
      },
      {
        "NewName": "ConstructControls/ConstructSlider (Container).TrackPercentOverlay",
        "OldName": "ConstructControls/ConstructSlider (Container).NineSliceInstance",
        "ElementType": "Components",
        "EventType": 7,
        "TimestampUtc": "2025-10-31T06:59:36.759403Z"
      },
      {
        "NewName": "ConstructControls/ConstructSlider (Container).TrackPercentOverlay",
        "OldName": "ConstructControls/ConstructSlider (Container).NineSliceInstance",
        "ElementType": "Components",
        "EventType": 7,
        "TimestampUtc": "2025-10-31T06:59:36.7744029Z"
      },
      {
        "NewName": "ConstructControls/ConstructSlider (Container).TrackPercentOverlay",
        "OldName": "ConstructControls/ConstructSlider (Container).NineSliceInstance",
        "ElementType": "Components",
        "EventType": 7,
        "TimestampUtc": "2025-10-31T06:59:36.7794029Z"
      },
      {
        "NewName": "ConstructControls/ConstructSlider (Container).TrackPercentOverlay",
        "OldName": "ConstructControls/ConstructSlider (Container).NineSliceInstance",
        "ElementType": "Components",
        "EventType": 7,
        "TimestampUtc": "2025-10-31T06:59:36.7844028Z"
      },
      {
        "NewName": "ConstructControls/ConstructSlider (Container).TrackPercentOverlay",
        "OldName": "ConstructControls/ConstructSlider (Container).NineSliceInstance",
        "ElementType": "Components",
        "EventType": 7,
        "TimestampUtc": "2025-10-31T07:30:05.3629105Z"
      },
      {
        "NewName": "ConstructControls/ConstructSlider (Container).TrackPercentOverlay",
        "OldName": "ConstructControls/ConstructSlider (Container).NineSliceInstance",
        "ElementType": "Components",
        "EventType": 7,
        "TimestampUtc": "2025-10-31T07:30:05.3679104Z"
      },
      {
        "NewName": "ConstructControls/ConstructSlider (Container).TrackPercentOverlay",
        "OldName": "ConstructControls/ConstructSlider (Container).NineSliceInstance",
        "ElementType": "Components",
        "EventType": 7,
        "TimestampUtc": "2025-10-31T07:30:05.3749103Z"
      },
      {
        "NewName": "ConstructControls/ConstructSlider (Container).TrackPercentOverlay",
        "OldName": "ConstructControls/ConstructSlider (Container).NineSliceInstance",
        "ElementType": "Components",
        "EventType": 7,
        "TimestampUtc": "2025-10-31T07:30:05.3759103Z"
      },
      {
        "NewName": "ConstructControls/ConstructSlider (Container).TrackPercentOverlay",
        "OldName": "ConstructControls/ConstructSlider (Container).NineSliceInstance",
        "ElementType": "Components",
        "EventType": 7,
        "TimestampUtc": "2025-10-31T07:30:05.3779103Z"
      },
      {
        "NewName": "ConstructControls/ConstructSlider (Container).TrackPercentOverlay",
        "OldName": "ConstructControls/ConstructSlider (Container).NineSliceInstance",
        "ElementType": "Components",
        "EventType": 7,
        "TimestampUtc": "2025-10-31T07:30:05.3789103Z"
      },
      {
        "NewName": "ConstructControls/ConstructSlider (Container).TrackPercentOverlay",
        "OldName": "ConstructControls/ConstructSlider (Container).NineSliceInstance",
        "ElementType": "Components",
        "EventType": 7,
        "TimestampUtc": "2025-10-31T07:30:05.3809103Z"
      },
      {
        "NewName": "ConstructControls/ConstructSlider (Container).TrackPercentOverlay",
        "OldName": "ConstructControls/ConstructSlider (Container).NineSliceInstance",
        "ElementType": "Components",
        "EventType": 7,
        "TimestampUtc": "2025-10-31T07:30:05.3819103Z"
      },
      {
        "NewName": "ConstructControls/ConstructSlider (Container).NineSliceInstance",
        "OldName": null,
        "ElementType": "Components",
        "EventType": 5,
        "TimestampUtc": "2025-10-31T07:32:16.3385805Z"
      },
      {
        "NewName": "ConstructControls/ConstructSlider (Container).TrackFocusOverlay",
        "OldName": "ConstructControls/ConstructSlider (Container).NineSliceInstance",
        "ElementType": "Components",
        "EventType": 7,
        "TimestampUtc": "2025-10-31T07:32:27.6714662Z"
      },
      {
        "NewName": "ConstructControls/ConstructSlider (Container).TrackFocusOverlay",
        "OldName": "ConstructControls/ConstructSlider (Container).NineSliceInstance",
        "ElementType": "Components",
        "EventType": 7,
        "TimestampUtc": "2025-10-31T07:32:27.6754662Z"
      },
      {
        "NewName": "ConstructControls/ConstructSlider (Container).TrackFocusOverlay",
        "OldName": "ConstructControls/ConstructSlider (Container).NineSliceInstance",
        "ElementType": "Components",
        "EventType": 7,
        "TimestampUtc": "2025-10-31T07:32:27.6824661Z"
      },
      {
        "NewName": "ConstructControls/ConstructSlider (Container).TrackFocusOverlay",
        "OldName": "ConstructControls/ConstructSlider (Container).NineSliceInstance",
        "ElementType": "Components",
        "EventType": 7,
        "TimestampUtc": "2025-10-31T07:32:27.695466Z"
      },
      {
        "NewName": "ConstructControls/ConstructSlider (Container).TrackFocusOverlay",
        "OldName": "ConstructControls/ConstructSlider (Container).NineSliceInstance",
        "ElementType": "Components",
        "EventType": 7,
        "TimestampUtc": "2025-10-31T07:32:27.696466Z"
      },
      {
        "NewName": "ConstructControls/ConstructSlider (Container).TrackFocusOverlay",
        "OldName": "ConstructControls/ConstructSlider (Container).NineSliceInstance",
        "ElementType": "Components",
        "EventType": 7,
        "TimestampUtc": "2025-10-31T07:32:27.7004659Z"
      },
      {
        "NewName": "ConstructControls/ConstructSlider (Container).TrackFocusOverlay",
        "OldName": "ConstructControls/ConstructSlider (Container).NineSliceInstance",
        "ElementType": "Components",
        "EventType": 7,
        "TimestampUtc": "2025-10-31T07:32:27.7024659Z"
      },
      {
        "NewName": "ConstructControls/ConstructSlider (Container).TrackFocusOverlay",
        "OldName": "ConstructControls/ConstructSlider (Container).NineSliceInstance",
        "ElementType": "Components",
        "EventType": 7,
        "TimestampUtc": "2025-10-31T07:32:27.7034659Z"
      },
      {
        "NewName": null,
        "OldName": "ConstructControls/ConstructSlider (Container).NineSlice TrackFocusOverlay in ConstructControls/ConstructSlider (Container)",
        "ElementType": "Components",
        "EventType": 6,
        "TimestampUtc": "2025-10-31T07:36:30.1420448Z"
      },
      {
        "NewName": "ConstructControls/Settings (Container).ConstructButtonInstance",
        "OldName": null,
        "ElementType": "Components",
        "EventType": 5,
        "TimestampUtc": "2025-10-31T17:06:27.2799279Z"
      },
      {
        "NewName": "ConstructControls/Settings (Container).LanguageButton",
        "OldName": "ConstructControls/Settings (Container).ConstructButtonInstance",
        "ElementType": "Components",
        "EventType": 7,
        "TimestampUtc": "2025-10-31T17:06:40.4557258Z"
      },
      {
        "NewName": "ConstructControls/Wrapper",
        "OldName": null,
        "ElementType": "Components",
        "EventType": 0,
        "TimestampUtc": "2025-10-31T17:07:19.165132Z"
      },
      {
        "NewName": "ConstructControls/Wrapper (Container).BackgroundPanel",
        "OldName": null,
        "ElementType": "Components",
        "EventType": 5,
        "TimestampUtc": "2025-10-31T17:07:24.0500571Z"
      },
      {
        "NewName": null,
        "OldName": "ConstructControls/ControlComponent (Container).Container Wrapper in ConstructControls/ControlComponent (Container)",
        "ElementType": "Components",
        "EventType": 6,
        "TimestampUtc": "2025-10-31T17:09:01.1395675Z"
      },
      {
        "NewName": "ConstructControls/ControlComponent (Container).WrapperInstance",
        "OldName": null,
        "ElementType": "Components",
        "EventType": 5,
        "TimestampUtc": "2025-10-31T17:09:06.1374909Z"
      },
      {
        "NewName": null,
        "OldName": "ConstructControls/ControlComponent (Container).NineSlice BackgroundPanel in ConstructControls/ControlComponent (Container)",
        "ElementType": "Components",
        "EventType": 6,
        "TimestampUtc": "2025-10-31T17:09:08.4604552Z"
      },
      {
        "NewName": null,
        "OldName": "ConstructControls/Settings (Container).Container Wrapper in ConstructControls/Settings (Container)",
        "ElementType": "Components",
        "EventType": 6,
        "TimestampUtc": "2025-10-31T17:09:32.0110939Z"
      },
      {
        "NewName": "ConstructControls/Settings (Container).WrapperInstance",
        "OldName": null,
        "ElementType": "Components",
        "EventType": 5,
        "TimestampUtc": "2025-10-31T17:09:38.3109972Z"
      },
      {
        "NewName": null,
        "OldName": "ConstructControls/Settings (Container).NineSlice BackgroundPanel in ConstructControls/Settings (Container)",
        "ElementType": "Components",
        "EventType": 6,
        "TimestampUtc": "2025-10-31T17:09:48.4768412Z"
      },
      {
        "NewName": null,
        "OldName": "TitleScreen.ConstructControls/ConstructButton ResumeButton in TitleScreen",
        "ElementType": "Screens",
        "EventType": 6,
        "TimestampUtc": "2025-11-04T14:00:59.7762862Z"
      },
      {
        "NewName": "TitleScreen.ConstructButtonInstance",
        "OldName": null,
        "ElementType": "Screens",
        "EventType": 5,
        "TimestampUtc": "2025-11-04T14:04:19.1470596Z"
      },
      {
        "NewName": "TitleScreen.DeleteSaveButton",
        "OldName": "TitleScreen.ConstructButtonInstance",
        "ElementType": "Screens",
        "EventType": 7,
        "TimestampUtc": "2025-11-04T14:04:54.9444861Z"
      }
    ],
    "bf7e9c9416dbbfa56951c8f06d5481c475badbcac0debd9483928f196aace3b2": [
      {
        "NewName": "TitleScreen.StartButton1",
        "OldName": null,
        "ElementType": "Screens",
        "EventType": 5,
        "TimestampUtc": "2025-11-02T20:04:21.799452Z"
      },
      {
        "NewName": "TitleScreen.ResumeButton",
        "OldName": "TitleScreen.StartButton1",
        "ElementType": "Screens",
        "EventType": 7,
        "TimestampUtc": "2025-11-02T20:04:30.548296Z"
      },
      {
        "NewName": "ConstructControls/ConstructButtonDuo (Container).TextInstanceLeft",
        "OldName": "ConstructControls/ConstructButtonDuo (Container).TextInstance",
        "ElementType": "Components",
        "EventType": 7,
        "TimestampUtc": "2025-11-12T12:44:04.049958Z"
      },
      {
        "NewName": "ConstructControls/ConstructButtonDuo (Container).TextInstanceLeft",
        "OldName": "ConstructControls/ConstructButtonDuo (Container).TextInstance",
        "ElementType": "Components",
        "EventType": 7,
        "TimestampUtc": "2025-11-12T12:44:04.055942Z"
      },
      {
        "NewName": "ConstructControls/ConstructButtonDuo (Container).TextInstanceLeft",
        "OldName": "ConstructControls/ConstructButtonDuo (Container).TextInstance",
        "ElementType": "Components",
        "EventType": 7,
        "TimestampUtc": "2025-11-12T12:44:04.057635Z"
      },
      {
        "NewName": "ConstructControls/ConstructButtonDuo (Container).TextInstanceLeft",
        "OldName": "ConstructControls/ConstructButtonDuo (Container).TextInstance",
        "ElementType": "Components",
        "EventType": 7,
        "TimestampUtc": "2025-11-12T12:44:04.058777Z"
      },
      {
        "NewName": "ConstructControls/ConstructButtonDuo (Container).TextInstanceLeft",
        "OldName": "ConstructControls/ConstructButtonDuo (Container).TextInstance",
        "ElementType": "Components",
        "EventType": 7,
        "TimestampUtc": "2025-11-12T12:44:04.059836Z"
      },
      {
        "NewName": "ConstructControls/ConstructButtonDuo (Container).TextInstanceLeft",
        "OldName": "ConstructControls/ConstructButtonDuo (Container).TextInstance",
        "ElementType": "Components",
        "EventType": 7,
        "TimestampUtc": "2025-11-12T12:44:04.06113Z"
      },
      {
        "NewName": "ConstructControls/ConstructButtonDuo (Container).TextInstanceLeft",
        "OldName": "ConstructControls/ConstructButtonDuo (Container).TextInstance",
        "ElementType": "Components",
        "EventType": 7,
        "TimestampUtc": "2025-11-12T12:44:04.062461Z"
      },
      {
        "NewName": "ConstructControls/ConstructButtonDuo (Container).TextInstanceLeft",
        "OldName": "ConstructControls/ConstructButtonDuo (Container).TextInstance",
        "ElementType": "Components",
        "EventType": 7,
        "TimestampUtc": "2025-11-12T12:44:04.063579Z"
      },
      {
        "NewName": "ConstructControls/ConstructButtonDuo (Container).TextInstanceLeft1",
        "OldName": null,
        "ElementType": "Components",
        "EventType": 5,
        "TimestampUtc": "2025-11-12T12:44:10.351409Z"
      },
      {
        "NewName": "ConstructControls/ConstructButtonDuo (Container).TextInstanceRight",
        "OldName": "ConstructControls/ConstructButtonDuo (Container).TextInstanceLeft1",
        "ElementType": "Components",
        "EventType": 7,
        "TimestampUtc": "2025-11-12T12:44:16.556266Z"
      },
      {
        "NewName": "ConstructControls/ConstructButtonDuo (Container).TextInstanceRight",
        "OldName": "ConstructControls/ConstructButtonDuo (Container).TextInstanceLeft1",
        "ElementType": "Components",
        "EventType": 7,
        "TimestampUtc": "2025-11-12T12:44:16.565492Z"
      },
      {
        "NewName": "ConstructControls/ConstructButtonDuo (Container).TextInstanceRight",
        "OldName": "ConstructControls/ConstructButtonDuo (Container).TextInstanceLeft1",
        "ElementType": "Components",
        "EventType": 7,
        "TimestampUtc": "2025-11-12T12:44:16.56684Z"
      },
      {
        "NewName": "ConstructControls/ConstructButtonDuo (Container).TextInstanceRight",
        "OldName": "ConstructControls/ConstructButtonDuo (Container).TextInstanceLeft1",
        "ElementType": "Components",
        "EventType": 7,
        "TimestampUtc": "2025-11-12T12:44:16.568007Z"
      },
      {
        "NewName": "ConstructControls/ConstructButtonDuo (Container).TextInstanceRight",
        "OldName": "ConstructControls/ConstructButtonDuo (Container).TextInstanceLeft1",
        "ElementType": "Components",
        "EventType": 7,
        "TimestampUtc": "2025-11-12T12:44:16.569177Z"
      },
      {
        "NewName": "ConstructControls/ConstructButtonDuo (Container).TextInstanceRight",
        "OldName": "ConstructControls/ConstructButtonDuo (Container).TextInstanceLeft1",
        "ElementType": "Components",
        "EventType": 7,
        "TimestampUtc": "2025-11-12T12:44:16.570252Z"
      },
      {
        "NewName": "ConstructControls/ConstructButtonDuo (Container).TextInstanceRight",
        "OldName": "ConstructControls/ConstructButtonDuo (Container).TextInstanceLeft1",
        "ElementType": "Components",
        "EventType": 7,
        "TimestampUtc": "2025-11-12T12:44:16.571324Z"
      },
      {
        "NewName": "ConstructControls/ConstructButtonDuo (Container).TextInstanceRight",
        "OldName": "ConstructControls/ConstructButtonDuo (Container).TextInstanceLeft1",
        "ElementType": "Components",
        "EventType": 7,
        "TimestampUtc": "2025-11-12T12:44:16.572497Z"
      },
      {
        "NewName": "ConstructControls/ControlComponent (Container).ContainerInstance",
        "OldName": null,
        "ElementType": "Components",
        "EventType": 5,
        "TimestampUtc": "2025-11-12T13:00:16.329527Z"
      },
      {
        "NewName": "ConstructControls/ControlComponent (Container).KeybindButtons",
        "OldName": "ConstructControls/ControlComponent (Container).ContainerInstance",
        "ElementType": "Components",
        "EventType": 7,
        "TimestampUtc": "2025-11-12T13:00:30.493574Z"
      },
      {
        "NewName": "ConstructControls/ControlComponent (Container).ContainerInstance",
        "OldName": null,
        "ElementType": "Components",
        "EventType": 5,
        "TimestampUtc": "2025-11-12T13:06:10.463577Z"
      },
      {
        "NewName": "ConstructControls/ControlComponent (Container).Root",
        "OldName": "ConstructControls/ControlComponent (Container).ContainerInstance",
        "ElementType": "Components",
        "EventType": 7,
        "TimestampUtc": "2025-11-12T13:06:19.006122Z"
      },
      {
        "NewName": "ConstructControls/ControlComponent (Container).ConstructButtonInstance",
        "OldName": null,
        "ElementType": "Components",
        "EventType": 5,
        "TimestampUtc": "2025-11-12T13:06:25.290474Z"
      },
      {
        "NewName": null,
        "OldName": "ConstructControls/ControlComponent (Container).Container Root in ConstructControls/ControlComponent (Container)",
        "ElementType": "Components",
        "EventType": 6,
        "TimestampUtc": "2025-11-12T13:06:59.471687Z"
      },
      {
        "NewName": "ConstructControls/ControlComponent (Container).ResetBindsButton",
        "OldName": "ConstructControls/ControlComponent (Container).ConstructButtonInstance",
        "ElementType": "Components",
        "EventType": 7,
        "TimestampUtc": "2025-11-12T13:07:15.662717Z"
      },
      {
        "NewName": null,
        "OldName": "ConstructControls/ConstructButtonDuo (Container).NineSlice FocusIndicator in ConstructControls/ConstructButtonDuo (Container)",
        "ElementType": "Components",
        "EventType": 6,
        "TimestampUtc": "2025-11-12T21:21:12.954872Z"
      },
      {
        "NewName": "PauseMenu.Controls1",
        "OldName": null,
        "ElementType": "Screens",
        "EventType": 5,
        "TimestampUtc": "2025-11-13T09:36:24.777558Z"
      },
      {
        "NewName": null,
        "OldName": "PauseMenu.ConstructControls/ControlComponent Controls in PauseMenu",
        "ElementType": "Screens",
        "EventType": 6,
        "TimestampUtc": "2025-11-13T09:36:38.488334Z"
      },
      {
        "NewName": "PauseMenu.Controls",
        "OldName": "PauseMenu.Controls1",
        "ElementType": "Screens",
        "EventType": 7,
        "TimestampUtc": "2025-11-13T09:36:41.96625Z"
      }
    ]
  }
}