﻿<?xml version="1.0" encoding="utf-8" ?>
<TextureAtlas>
  <Texture>Assets/Player/Animations/playermodel2Atlas</Texture>
  <Regions>
    <!-- Idle frames -->
    <Region name="player-1" x="0" y="0" width="128" height="128" />
    <Region name="player-2" x="128" y="0" width="128" height="128" />
    <Region name="player-3" x="256" y="0" width="128" height="128" />
    <Region name="player-4" x="384" y="0" width="128" height="128" />
    <Region name="player-5" x="512" y="0" width="128" height="128" />
    <Region name="player-6" x="640" y="0" width="128" height="128" />

    <!-- Run animation -->
    <Region name="player-run-1" x="0" y="128" width="128" height="128" />
    <Region name="player-run-2" x="128" y="128" width="128" height="128" />
    <Region name="player-run-3" x="256" y="128" width="128" height="128" />
    <Region name="player-run-4" x="384" y="128" width="128" height="128" />
    <Region name="player-run-5" x="512" y="128" width="128" height="128" />
    <Region name="player-run-6" x="640" y="128" width="128" height="128" />

    <!-- Fall animation -->

    <Region name="player-fall-1" x="0" y="256" width="128" height="128" />
    <Region name="player-fall-2" x="128" y="256" width="128" height="128" />
    <Region name="player-fall-3" x="256" y="256" width="128" height="128" />
    <Region name="player-fall-4" x="384" y="256" width="128" height="128" />
    <Region name="player-fall-5" x="512" y="256" width="128" height="128" />

    <Region name="player-attack-1" x="0" y="384" width="128" height="128" />
    <Region name="player-attack-2" x="128" y="384" width="128" height="128" />
    <Region name="player-attack-3" x="256" y="384" width="128" height="128" />
    <Region name="player-attack-4" x="384" y="384" width="128" height="128" />
    <Region name="player-attack-5" x="512" y="384" width="128" height="128" />
    <Region name="player-attack-6" x="640" y="384" width="128" height="128" />
    <Region name="player-attack-7" x="768" y="384" width="128" height="128" />
    <Region name="player-attack-8" x="896" y="384" width="128" height="128" />
    <Region name="player-attack-9" x="1024" y="384" width="128" height="128" />
    <Region name="player-attack-10" x="1152" y="384" width="128" height="128" />
    <Region name="player-attack-11" x="1280" y="384" width="128" height="128" />
  </Regions>

  <Animations>
    <Animation name="idle-animation" delay="100">
      <Frame region="player-1" />
      <Frame region="player-2" />
      <Frame region="player-3" />
      <Frame region="player-4" />
      <Frame region="player-5" />
      <Frame region="player-6" />
    </Animation>

    <Animation name="run-animation" delay="100">
      <Frame region="player-run-1" />
      <Frame region="player-run-2" />
      <Frame region="player-run-3" />
      <Frame region="player-run-4" />
      <Frame region="player-run-5" />
      <Frame region="player-run-6" />
    </Animation>

    <Animation name="fall-animation" delay="100">
      <Frame region="player-fall-1" />
      <Frame region="player-fall-2" />
      <Frame region="player-fall-3" />
      <Frame region="player-fall-4" />
      <Frame region="player-fall-5" />
    </Animation>

    <Animation name="attack-animation-1" delay="65">
      <Frame region="player-attack-1" />
      <Frame region="player-attack-2" />
      <Frame region="player-attack-3" />
      <Frame region="player-attack-4" />
      <Frame region="player-attack-5" />
      <Frame region="player-attack-6" />
      <Frame region="player-attack-7" />

    </Animation>
    <Animation name="attack-animation-2" delay="65">
      <Frame region="player-attack-8" />
      <Frame region="player-attack-9" />
      <Frame region="player-attack-10" />
      <Frame region="player-attack-11" />
    </Animation>
  </Animations>
</TextureAtlas>
