{
  "ogmoVersion": "3.4.0",
  "width": 1168,
  "height": 368,
  "offsetX": 0,
  "offsetY": 0,
  "values": {"Camera Bottom": true, "Camera Top": true, "Camera Left": true, "Camera Right": true},
  "layers": [
    {
      "name": "0.2",
      "_eid": "96367620",
      "offsetX": 0,
      "offsetY": 0,
      "gridCellWidth": 16,
      "gridCellHeight": 16,
      "gridCellsX": 73,
      "gridCellsY": 23,
      "tileset": "Main",
      "data": [-1, -1, -1, -1, -1, -1, -1, -1, -1, -1, -1, -1, -1, -1, -1, -1, -1, -1, -1, -1, -1, -1, -1, -1, -1, -1, -1, -1, -1, -1, -1, -1, -1, -1, -1, -1, -1, -1, -1, -1, -1, -1, -1, -1, -1, -1, -1, -1, -1, -1, -1, -1, -1, -1, -1, -1, -1, -1, -1, -1, -1, -1, -1, -1, -1, -1, -1, -1, -1, -1, -1, -1, -1, -1, -1, -1, -1, -1, -1, -1, -1, -1, -1, -1, -1, -1, -1, -1, -1, -1, -1, -1, -1, -1, -1, -1, -1, -1, -1, -1, -1, -1, -1, -1, -1, -1, -1, -1, -1, -1, -1, -1, -1, -1, -1, -1, -1, -1, -1, -1, -1, -1, -1, -1, -1, -1, -1, -1, -1, -1, -1, -1, -1, -1, -1, -1, -1, -1, -1, -1, -1, -1, -1, -1, -1, -1, -1, -1, -1, -1, -1, -1, -1, -1, -1, -1, -1, -1, -1, -1, -1, -1, -1, -1, -1, -1, -1, -1, -1, -1, -1, -1, -1, -1, -1, -1, -1, -1, -1, -1, -1, -1, -1, -1, -1, -1, -1, -1, -1, -1, -1, -1, -1, -1, -1, -1, -1, -1, -1, -1, -1, -1, -1, -1, -1, -1, -1, -1, -1, -1, -1, -1, -1, -1, -1, -1, -1, -1, -1, -1, -1, -1, -1, -1, -1, -1, -1, -1, -1, -1, -1, -1, -1, -1, -1, -1, -1, -1, -1, -1, -1, -1, -1, -1, -1, -1, -1, -1, -1, -1, -1, -1, -1, -1, -1, -1, -1, -1, -1, -1, -1, -1, -1, -1, -1, -1, -1, -1, -1, -1, -1, -1, -1, -1, -1, -1, -1, -1, -1, -1, -1, -1, -1, -1, -1, -1, -1, -1, -1, -1, -1, -1, -1, -1, -1, -1, -1, -1, -1, -1, -1, -1, -1, -1, -1, -1, -1, -1, -1, -1, -1, -1, -1, -1, -1, -1, -1, -1, -1, -1, -1, -1, -1, -1, -1, -1, -1, -1, -1, -1, -1, -1, -1, -1, -1, -1, -1, -1, -1, -1, -1, -1, -1, -1, -1, -1, -1, -1, -1, -1, -1, -1, -1, -1, -1, -1, -1, -1, -1, -1, -1, -1, -1, -1, -1, -1, -1, -1, -1, -1, -1, -1, -1, -1, -1, -1, -1, -1, -1, -1, -1, -1, -1, -1, -1, -1, -1, -1, -1, -1, -1, -1, -1, -1, -1, -1, -1, -1, -1, -1, -1, -1, -1, -1, -1, -1, -1, -1, -1, -1, -1, -1, -1, -1, -1, -1, -1, -1, -1, -1, -1, -1, -1, -1, -1, -1, -1, 49, 50, 50, 51, -1, -1, -1, -1, -1, -1, -1, -1, -1, -1, -1, -1, -1, -1, -1, -1, -1, -1, -1, -1, -1, -1, -1, -1, -1, -1, -1, -1, -1, -1, -1, -1, -1, -1, -1, -1, -1, -1, -1, -1, -1, -1, -1, -1, -1, -1, -1, -1, -1, -1, -1, -1, -1, -1, -1, -1, -1, -1, -1, -1, -1, -1, -1, -1, -1, -1, -1, -1, -1, 81, 146, 146, 83, -1, -1, -1, -1, -1, -1, -1, -1, -1, -1, -1, -1, -1, -1, -1, -1, -1, -1, -1, -1, -1, -1, -1, -1, -1, -1, -1, -1, -1, -1, -1, -1, -1, -1, -1, -1, -1, -1, -1, -1, -1, -1, -1, -1, -1, -1, -1, -1, -1, -1, -1, -1, -1, -1, -1, -1, -1, 55, 56, 57, -1, -1, -1, 49, 50, 50, 50, 50, 50, 113, 146, 146, 115, 50, 50, 50, 50, 50, 51, -1, -1, -1, -1, -1, -1, -1, -1, -1, -1, -1, -1, -1, -1, -1, -1, -1, -1, -1, -1, -1, -1, -1, -1, -1, -1, -1, -1, -1, -1, -1, -1, -1, -1, -1, -1, -1, -1, -1, -1, -1, -1, -1, -1, -1, -1, -1, -1, 186, 187, 188, 87, 88, 89, -1, -1, -1, 81, 146, 146, 146, 146, 146, 146, 146, 146, 146, 146, 146, 146, 146, 146, 83, -1, -1, -1, -1, -1, -1, -1, -1, -1, -1, -1, -1, -1, -1, -1, -1, -1, -1, -1, -1, -1, -1, -1, -1, -1, -1, -1, -1, -1, -1, -1, -1, -1, -1, -1, -1, -1, -1, -1, -1, -1, -1, -1, -1, -1, -1, -1, -1, 218, 219, 220, 87, 88, 89, -1, -1, -1, 81, 146, 146, 146, 146, 146, 146, 146, 146, 146, 146, 146, 146, 146, 146, 83, -1, -1, -1, -1, -1, -1, -1, -1, -1, -1, -1, -1, -1, -1, -1, -1, -1, -1, -1, -1, -1, -1, -1, -1, -1, -1, -1, -1, -1, -1, -1, -1, -1, -1, -1, -1, 55, 56, 57, -1, -1, -1, 186, 187, 188, 55, 56, 57, -1, -1, -1, 87, 88, 89, -1, -1, -1, 81, 146, 146, 146, 146, 146, 146, 146, 146, 146, 146, 146, 146, 146, 146, 83, -1, -1, -1, -1, -1, -1, -1, -1, -1, -1, -1, -1, -1, -1, -1, -1, -1, -1, -1, -1, -1, -1, -1, -1, -1, -1, -1, -1, -1, -1, -1, -1, -1, -1, -1, -1, 87, 88, 89, -1, -1, -1, 218, 219, 220, 87, 88, 89, -1, -1, -1, 87, 88, 89, -1, -1, -1, 81, 146, 146, 146, 146, 146, 146, 146, 146, 146, 146, 146, 146, 146, 146, 83, -1, -1, -1, -1, -1, -1, -1, -1, 55, 56, 57, -1, -1, -1, 55, 56, 56, 56, 56, 56, 56, 56, 56, 56, 56, 56, 56, 56, 56, 56, 56, 56, 57, -1, -1, -1, 87, 88, 89, -1, -1, -1, -1, -1, -1, 87, 88, 89, -1, -1, -1, 87, 88, 89, -1, -1, -1, 81, 146, 146, 146, 146, 146, 146, 146, 146, 146, 146, 146, 146, 146, 146, 83, -1, -1, -1, -1, -1, -1, -1, -1, 87, 88, 89, -1, -1, -1, 87, 88, 88, 88, 88, 88, 88, 88, 88, 88, 88, 88, 88, 88, 88, 88, 88, 88, 89, -1, -1, -1, 87, 88, 89, -1, -1, -1, -1, -1, -1, 87, 88, 89, -1, -1, -1, 87, 88, 89, -1, -1, -1, 81, 146, 146, 146, 146, 146, 146, 146, 146, 146, 146, 146, 146, 146, 146, 83, -1, -1, -1, -1, -1, -1, -1, -1, 87, 88, 89, -1, -1, -1, 87, 88, 88, 88, 88, 88, 88, 88, 88, 88, 88, 88, 88, 88, 88, 88, 88, 88, 89, -1, -1, -1, 87, 88, 89, -1, -1, -1, -1, -1, -1, 87, 88, 89, -1, -1, -1, 87, 88, 89, -1, -1, -1, 81, 146, 146, 146, 146, 146, 146, 146, 146, 146, 146, 146, 146, 146, 146, 83, -1, -1, -1, -1, -1, -1, -1, -1, 87, 88, 89, -1, -1, -1, 87, 88, 88, 88, 88, 88, 88, 88, 88, 88, 88, 88, 88, 88, 88, 88, 88, 88, 89, -1, -1, -1, 87, 88, 89, -1, -1, -1, -1, -1, -1, 87, 88, 89, -1, -1, -1, 87, 88, 89, -1, -1, -1, 81, 146, 146, 146, 146, 146, 146, 146, 146, 146, 146, 146, 146, 146, 146, 83, -1, -1, -1, -1, -1, -1, -1, -1, 87, 88, 89, -1, -1, -1, 87, 88, 88, 88, 88, 88, 88, 88, 88, 88, 88, 88, 88, 88, 88, 88, 88, 88, 89, -1, -1, -1, 87, 88, 89, -1, -1, -1, -1, -1, -1, 87, 88, 89, -1, -1, -1, 87, 88, 89, -1, -1, -1, 81, 146, 146, 146, 146, 146, 146, 146, 146, 146, 146, 146, 146, 146, 146, 83, -1, -1, -1, -1, -1, -1, -1, -1, 87, 88, 89, -1, -1, -1, 87, 88, 88, 88, 88, 88, 88, 88, 88, 88, 88, 88, 88, 88, 88, 88, 88, 88, 89, -1, -1, -1, 87, 88, 89, -1, -1, -1, -1, -1, -1, 87, 88, 89, -1, -1, -1, 87, 88, 89, -1, -1, -1, 81, 146, 146, 146, 146, 146, 146, 146, 146, 146, 146, 146, 146, 146, 146, 83, -1, -1, -1, -1, -1, -1, -1, -1, 87, 88, 89, -1, -1, -1, 87, 88, 88, 88, 88, 88, 88, 88, 88, 88, 88, 88, 88, 88, 88, 88, 88, 88, 89, -1, -1, -1, 87, 88, 89, -1, -1, -1, -1, -1, -1, 87, 88, 89, -1, -1, -1, 87, 88, 89, -1, -1, -1, 81, 146, 146, 146, 146, 146, 146, 146, 146, 146, 146, 146, 146, 146, 146, 83, -1, -1, -1, -1, -1, -1, -1, -1, 87, 88, 89, -1, -1, -1, 87, 88, 88, 88, 88, 88, 88, 88, 88, 88, 88, 88, 88, 88, 88, 88, 88, 88, 89, -1, -1, -1, 87, 88, 89, -1, -1, -1, -1, -1, -1, 87, 88, 89, -1, -1, -1, 87, 88, 89, -1, -1, -1, 81, 146, 146, 146, 146, 146, 146, 146, 146, 146, 146, 146, 146, 146, 146, 83, -1, -1, -1, -1, -1, -1, -1, -1, 87, 88, 89, -1, -1, -1, 87, 88, 88, 88, 88, 88, 88, 88, 88, 88, 88, 88, 88, 88, 88, 88, 88, 88, 89, -1, -1, -1, 87, 88, 89, -1, -1, -1, -1, -1, -1, 87, 88, 89, -1, -1, -1, 87, 88, 89, -1, -1, -1, 81, 146, 146, 146, 146, 146, 146, 146, 146, 146, 146, 146, 146, 146, 146, 83, -1, -1, -1, -1, -1, -1, -1, -1, 87, 88, 89, -1, -1, -1, 87, 88, 88, 88, 88, 88, 88, 88, 88, 88, 88, 88, 88, 88, 88, 88, 88, 88, 89, -1, -1, -1, 87, 88, 89, -1, -1, -1, -1, -1, -1, 87, 88, 89, -1, -1, -1, 87, 88, 89, -1, -1, -1, 81, 146, 146, 146, 146, 146, 146, 146, 146, 146, 146, 146, 146, 146, 146, 83, -1, -1, -1, -1, -1, -1, -1, -1, 87, 88, 89, -1, -1, -1, 87, 88, 88, 88, 88, 88, 88, 88, 88, 88, 88, 88, 88, 88, 88, 88, 88, 88, 89, -1, -1, -1, 87, 88, 89, -1, -1, -1, -1, -1, -1, 87, 88, 89, -1, -1, -1, 87, 88, 89, -1, -1, -1, 81, 146, 146, 146, 146, 146, 146, 146, 146, 146, 146, 146, 146, 146, 146, 83, -1],
      "exportMode": 0,
      "arrayMode": 0
    },
    {
      "name": "Entity",
      "_eid": "96367513",
      "offsetX": 0,
      "offsetY": 0,
      "gridCellWidth": 8,
      "gridCellHeight": 8,
      "gridCellsX": 146,
      "gridCellsY": 46,
      "entities": [
        {"name": "Player", "id": 31, "_eid": "92345250", "x": 128, "y": 168, "originX": 0, "originY": 0},
        {"name": "Enemy", "id": 33, "_eid": "63654457", "x": 336, "y": 176, "originX": 0, "originY": 0},
        {"name": "Enemy", "id": 34, "_eid": "63654457", "x": 232, "y": 176, "originX": 0, "originY": 0},
        {"name": "Enemy", "id": 35, "_eid": "63654457", "x": 464, "y": 176, "originX": 0, "originY": 0},
        {
          "name": "CollisionObject",
          "id": 36,
          "_eid": "15938898",
          "x": 112,
          "y": 192,
          "width": 48,
          "height": 176,
          "originX": 0,
          "originY": 0,
          "values": {"Collision": true, "OneWay": false}
        },
        {
          "name": "CollisionObject",
          "id": 37,
          "_eid": "15938898",
          "x": 208,
          "y": 192,
          "width": 304,
          "height": 176,
          "originX": 0,
          "originY": 0,
          "values": {"Collision": true, "OneWay": false}
        },
        {"name": "Enemy", "id": 38, "_eid": "63654457", "x": 392, "y": 176, "originX": 0, "originY": 0},
        {
          "name": "CollisionObject",
          "id": 39,
          "_eid": "15938898",
          "x": 560,
          "y": 160,
          "width": 48,
          "height": 208,
          "originX": 0,
          "originY": 0,
          "values": {"Collision": true, "OneWay": false}
        },
        {
          "name": "CollisionObject",
          "id": 41,
          "_eid": "15938898",
          "x": 704,
          "y": 160,
          "width": 48,
          "height": 208,
          "originX": 0,
          "originY": 0,
          "values": {"Collision": true, "OneWay": false}
        },
        {
          "name": "CollisionObject",
          "id": 42,
          "_eid": "15938898",
          "x": 800,
          "y": 112,
          "width": 48,
          "height": 256,
          "originX": 0,
          "originY": 0,
          "values": {"Collision": true, "OneWay": false}
        },
        {
          "name": "CollisionObject",
          "id": 44,
          "_eid": "15938898",
          "x": 672,
          "y": 168,
          "width": 32,
          "height": 8,
          "originX": 0,
          "originY": 0,
          "values": {"Collision": true, "OneWay": true}
        },
        {
          "name": "CollisionObject",
          "id": 45,
          "_eid": "15938898",
          "x": 768,
          "y": 136,
          "width": 32,
          "height": 8,
          "originX": 0,
          "originY": 0,
          "values": {"Collision": true, "OneWay": true}
        },
        {
          "name": "CollisionObject",
          "id": 46,
          "_eid": "15938898",
          "x": 896,
          "y": 112,
          "width": 256,
          "height": 256,
          "originX": 0,
          "originY": 0,
          "values": {"Collision": true, "OneWay": false}
        },
        {
          "name": "CollisionObject",
          "id": 47,
          "_eid": "15938898",
          "x": 992,
          "y": 80,
          "width": 64,
          "height": 32,
          "originX": 0,
          "originY": 0,
          "values": {"Collision": true, "OneWay": false}
        },
        {"name": "Enemy", "id": 48, "_eid": "63654457", "x": 936, "y": 96, "originX": 0, "originY": 0},
        {"name": "Enemy", "id": 49, "_eid": "63654457", "x": 1104, "y": 96, "originX": 0, "originY": 0}
      ]
    },
    {
      "name": "Decal",
      "_eid": "33974804",
      "offsetX": 0,
      "offsetY": 0,
      "gridCellWidth": 8,
      "gridCellHeight": 8,
      "gridCellsX": 146,
      "gridCellsY": 46,
      "decals": [],
      "folder": "../../../Art"
    }
  ]
}